https://thecamerastore.com/products/sony-a7-iii-mirrorless-body?_pos=1&_fid=5349abb16&_ss=c	Sony a7 III Mirrorless Body	$2,599.00	In stock	10fps		100 - 204,800	Sony E	Z Series Li-Ion Battery	SD/SDHC/SDXC	24 Megapixel		4K	
https://thecamerastore.com/products/fujifilm-x100v?_pos=2&_fid=5349abb16&_ss=c	FUJIFILM X100V	$1,774.99	Backordered		12.8x7.4x5.3cm	80 - 51,200		NP-126S Battery	SD/SDHC/SDXC	26.1 megapixels		4K	478g
https://thecamerastore.com/products/canon-eos-r5?_pos=3&_fid=5349abb16&_ss=c	Canon EOS R5 Body	$4,699.00	In stock	20fps	13.8x9.7x8.8cm	100-51,200; 102.400	Canon RF	LP-E6NH Battery	CFexperess, SD/SDHC/SDXC	45 Megapixels	30sec - 1/8,000sec	8K	738g
https://thecamerastore.com/products/canon-powershot-g7-x-mark-ii?_pos=4&_fid=5349abb16&_ss=c	Canon Powershot G7 X Mark II	$899.00	On Order	8 FPS Continuous Shooting	105.5mm x 60.9mm x 42.0mm	ISO 125 - 6400		NB-13L Li-ion Battery	SD/SDHC/SDXC	20.1 Megapixels	15sec. - 1/2000sec.	1080p	319g
https://thecamerastore.com/products/sony-a7-iii-with-28-70mm-mirrorless-kit?_pos=5&_fid=5349abb16&_ss=c	Sony a7 III with 28-70mm f3.5-5.6 OSS Mirrorless Kit	$2,799.00	In stock	10fps		100 - 204,800	Sony E	Z Series Li-Ion Battery	SD/SDHC/SDXC	24 Megapixel		4K	
https://thecamerastore.com/products/sony-a7-iv-body?_pos=6&_fid=5349abb16&_ss=c	Sony a7 IV Body	$3,199.00	In stock	10fps	13.1x9.6x7.9cm	(50) 100 - 51,200 (204,800)	Sony E	NP-FZ100 Rechargeable Lithium-Ion Battery	Slot 1: CFexpress Type A / SD (UHS-II); Slot 2: SD/SDHC/SDXC (UHS-II)	33 megapixels	30sec - 1/8,000sec	4K	658g
https://thecamerastore.com/products/nikon-z-8-body?_pos=7&_fid=5349abb16&_ss=c	Nikon Z 8 Body	$4,999.00	In stock	20fps	14.4x11.9x8.3cm	(32) 64 - 25,600 (102,400)	Nikon Z	EN-EL15C, EN-EL15a/b/c,	SD, CFexpress (Type B), and XQD	45.7 megapixels	30sec - 1/32,000sec	8K	910g
https://thecamerastore.com/products/canon-eos-rp-body?_pos=8&_fid=5349abb16&_ss=c	Canon EOS RP Body	$1,299.00	In stock	5fps	13.2 x 8.5 x 7cm	100 - 40,000	Canon RF	Canon LP-E17 Li-Ion Battery	SD/SHC/SDXC	26.2 megapixels	30sec - 1/4,000sec	4K	485g
https://thecamerastore.com/products/canon-powershot-sx740-hs?_pos=9&_fid=5349abb16&_ss=c	Canon Powershot SX740 HS	$589.00	On Order	10fps	11 x 6.3 x 3.9cm	100 - 3200		NB-13L Li-Ion Battery	SD/SDHC/SDXC	20.3 Megapixel	15sec - 1/3200sec	4K	299g
https://thecamerastore.com/products/panasonic-lumix-dmc-g85-with-12-60mm-f3-5-5-6?_pos=10&_fid=5349abb16&_ss=c	Panasonic Lumix DMC-G85 with 12-60mm f3.5-5.6	$849.00	On Order	9 FPS Continuous SHooting	128.4mm x 89mm x 74.3mm	ISO 100 - 25,600	Micro 4/3	Li-ion Battery Pack	SD/SDHC/SDXC	16.0 Megapixels	60sec. - 1/4000sec.	4K	505g
https://thecamerastore.com/products/nikon-z9-body?_pos=11&_fid=5349abb16&_ss=c	Nikon Z 9 Body	$6,999.00	In stock	20fps	14.9x14.9x9.0cm	(32) 64 - 25,600 (102,400)	Nikon Z	EN-EL18D, EN-EL18a/b/c	CFexpress Type B, XQD	45.7 megapixels	30sec - 1/32,000sec	8K	1.16kg
https://thecamerastore.com/products/nikon-coolpix-p1000?_pos=12&_fid=5349abb16&_ss=c	Nikon Coolpix P1000	$1,299.00	On Order	7fps (up to 7 shots)	14.6 x 11.8 x 18.1cm	100 - 6400		EN-EL20a Li-Ion Battery	SD/SDHC/SDXC	16 Megapixels	30sec - 1/4000sec	4K	1.4kg
https://thecamerastore.com/products/canon-eos-rp-with-rf-24-105mm-f4-7-1-stm?_pos=13&_fid=5349abb16&_ss=c	Canon EOS RP with RF 24-105mm f4-7.1 STM	$1,599.00	In stock	5fps	13.2 x 8.5 x 7cm	100 - 40,000	Canon RF	Canon LP-E17 Li-Ion Battery	SD/SHC/SDXC	26.2 megapixels	30sec - 1/4,000sec	4K	485g
https://thecamerastore.com/products/sony-cybershot-rx10-mark-iv?_pos=14&_fid=5349abb16&_ss=c	Sony Cybershot RX10 Mark IV	$2,199.00	In stock	24fps	13.2 x 9.4 x 14.5cm	100 - 12,800 (Expandable to 64 - 25,600)			SD/SDHC/SDXC, MemoryStick Duo/Pro Duo/ProHG Duo	20.1 Megapixels	30sec - 1/32,000sec	4K	1,095g
https://thecamerastore.com/products/nikon-z6-ii-body?_pos=15&_fid=5349abb16&_ss=c	Nikon Z6 II Body	$2,299.00	In stock	14fps	13.4x10cm	100 - 51,200 (50 - 204,800)	Nikon Z		UHS-II SD/SDHC/SDXC, CFexpress Type B, XQD	24.5 million	900sec - 1/8,000sec	4K	615g
https://thecamerastore.com/products/canon-powershot-g7x-mark-iii?_pos=16&_fid=5349abb16&_ss=c	Canon Powershot G7X Mark III	$999.00	On Order	20fps	10.5x6x4.1cm	125 - 12,800		NB-13L li-ion battery	SD/SHC/SDXC	20.1 megapixels	20sec - 1/25,600sec, Bulb	4K	304g
https://thecamerastore.com/products/sony-a7s-iii?_pos=17&_fid=5349abb16&_ss=c	Sony a7S III Mirrorless Body	$4,799.00	On Order		12.8x9.6x6.9cm	40 - 409,600	Sony E	Sony NP-FZ100 battery	SD, CFexpress Type A	12.1 Megapixels		4K	614g
https://thecamerastore.com/products/canon-eos-r7-body?_pos=18&_fid=5349abb16&_ss=c	Canon EOS R7 Body	$1,699.00	In stock	30fps	13.2x9x9.1cm	100 - 51,200	Canon RF-S/RF	LP-E6NH rechargeable li-ion battery	Dual SD UHS-II	32.5 megapixels	30sec - 1/16,000sec	1080p	580g
https://thecamerastore.com/products/ricoh-gr-iii?_pos=19&_fid=5349abb16&_ss=c	Ricoh GR III	$1,259.99	In stock		10 x 6.1 x 3.3cm	100 - 102,400		DB-110 Li-Ion Battery	SD/SDHC/SDXC	24.2 megapixels	30sec - 1/4000sec	1080p	257g
https://thecamerastore.com/products/fujifilm-x-t5-body?_pos=20&_fid=5349abb16&_ss=c	FUJIFILM X-T5 Body	$2,299.00	In stock	20fps	12.9x9.1x6.3cm	64 - 51,200		NP-W235 Li-ion battery		40 MP	30sec - 1/8,000sec		557g
https://thecamerastore.com/products/olympus-om-system-om-1-body?_pos=21&_fid=5349abb16&_ss=c	OM System OM-1 Body	$2,499.99	In stock	120fps	13.4x9.1x7.2cm	80 - 102,400	Micro 4/3	BLX-1 Li-ion battery	Dual UHS-II SD/SDHC/SDXC	20.4 megapixels	60sec - 1/8,000sec	4K	511g
https://thecamerastore.com/products/panasonic-dc-g9-body?_pos=22&_fid=5349abb16&_ss=c	Panasonic Lumix DC-G9 Body	$1,199.00	On Order	12fps	13.6 x 9.7 x 9.1cm	100 - 25,600	Micro 4/3	DMW-BLF19 Li-Ion battery	SD/SDHC/SDXC UHS-II	20.3 Megapixels	60sec - 1/32,000sec	4K	658g
https://thecamerastore.com/products/nikon-z7-ii-body?_pos=23&_fid=5349abb16&_ss=c	Nikon Z7 II Body	$3,299.00	In stock	10fps	13.4x10cm	64 - 25,600 (32 - 102,400)	Nikon Z	EN-EL15C	UHS-II SD/SDHC/SDXC, CFexpress Type B, XQD	45.7 megapixels	900sec - 1/8,000sec	4K	615g
https://thecamerastore.com/products/leica-q2?_pos=24&_fid=5349abb16&_ss=c	Leica Q2	$7,609.00	On Order	10fps	13 x 8 x 9.1cm	50 - 50,000		Leica BP-SCL4 Li-Ion Battery	SD/SDHC/SDXC	46.7 megapixels	60s - 1/2000sec	4K	718g
https://thecamerastore.com/products/sony-cybershot-dsc-rx100-iii?_pos=25&_fid=5349abb16&_ss=c	Sony Cybershot DSC-RX100 III	$949.00	On Order	10 FPS Continuous Shooting	101.6mm x 58.1mm x 41.0mm	ISO 125 - 12800		NP-BX1 Battery	Memory Stick DUO/SD/SDHC/SDXC	20.1 Megapixels	30 sec. - 1/2000 sec.	1080p	290g
https://thecamerastore.com/products/canon-eos-r6-mark-ii?_pos=26&_fid=5349abb16&_ss=c	Canon EOS R6 Mark II Body	$3,199.00	On Order	40fps	13.8x9.8x8.8cm	50 - 204,800		LP-E6NH battery			30sec - 1/8,000sec		670g
https://thecamerastore.com/products/olympus-tough-tg-6?_pos=27&_fid=5349abb16&_ss=c	Olympus Tough TG-6	$599.00	On Order		11.3 x 6.6 x 3.2	100 - 12,800		LI-92B Li-Ion Battery	SD/SDHC/SDXC	12 megapixels	1/2 - 1/2,000sec	4K	253g
https://thecamerastore.com/products/canon-powershot-sx70-hs?_pos=28&_fid=5349abb16&_ss=c	Canon Powershot SX70 HS	$795.00	In stock	10fps	12.7 x 9 x 11.6cm	100 - 3200		Canon LP-E12 Li-Ion battery	SD/SDHC/SDXC	20.3 Megapixels	15sec - 1/2000sec	4K	608g
https://thecamerastore.com/products/sony-cybershot-rx100-vii?_pos=29&_fid=5349abb16&_ss=c	Sony Cybershot RX100 VII	$1,599.00	In stock	20fps	10.1x5.8x4.2cm	100 - 12,800		NP-BX1 Li--ion battery	SD,SDHC,SDXC	20.1 megapixel	30sec - 1/32,000sec	4K	302g
https://thecamerastore.com/products/nikon-z5-body?_pos=30&_fid=5349abb16&_ss=c	Nikon Z5 Body	$1,399.00	In stock	4.5fps	10.5x13.4cm	100 - 51,200 (102,400)	Nikon Z	EN-EL15/a/b/c	Dual SD/SDHC/SDXC	24.3 megapixels	30sec - 1/8,000sec	4K	590g
https://thecamerastore.com/products/sony-zv-e10-with-16-50mm-f3-5-5-6?_pos=31&_fid=5349abb16&_ss=c	Sony ZV-E10 with 16-50mm f3.5-5.6	$999.00	In stock	11fps	11.5x6.4x4.4cm	100 - 32,000	Sony E		SD/SDHC/SDXC, Memory Stick PRO Duo	24.2 megapixels	30sec - 1/4,000sec	4K	343g
https://thecamerastore.com/products/nikon-z50-with-z-dx-16-50mm-f3-5-6-3-vr?_pos=32&_fid=5349abb16&_ss=c	Nikon Z50 with Z DX 16-50mm f3.5-6.3 VR	$1,199.00	In stock	11fps			Nikon Z		SD/SDHC/SDXC	20.9 megapixels		4K	
https://thecamerastore.com/products/fujifilm-x-t30-ii-with-xc-15-45mm?_pos=33&_fid=5349abb16&_ss=c	FUJIFILM X-T30 II with XC 15-45mm	$1,249.00	In stock	8fps	11.8x8.2x4.6cm	80 - 51,201	FUJIFILM X	NP-W126S Battery	SD/SDHC/SDXC	26.1 megapixels	4sec - 1/32,000sec	4K	378g
https://thecamerastore.com/products/sony-alpha-1?_pos=34&_fid=5349abb16&_ss=c	Sony a1 Mirrorless Body	$8,499.00	On Order	30fps	12.8 x 9.6 x 7cm	100 - 32,000 (50 - 102,400	Sony E	NP-FZ100 battery	CFexpress Type A, SD/SDHC/SDXC	50.1 megapixels			737g
https://thecamerastore.com/products/sony-a7r-v?_pos=35&_fid=5349abb16&_ss=c	Sony a7R V	$5,299.00	On Order	10fps	13.1x9.6x8.4cm	100 - 102,400	Sony E	NP-FZ100 Li-ion battery	Dual CFexpress Type A, dual SD UHS-II	61 megapixels	30sec - 1/8,000sec	8K	723g
https://thecamerastore.com/products/panasonic-lumix-dmc-fz300?_pos=36&_fid=5349abb16&_ss=c	Panasonic Lumix DMC-FZ300	$729.00	In stock	12 FPS Continuous Shooting	132mm x 92mm x 117mm	ISO 100-6,400		Li-ion Battery Pack	SD/SDHC/SDXC	12.0 Megapixels	60sec. - 1/16000sec.	4K	691g
https://thecamerastore.com/products/nikon-z6-ii-with-z-24-70mm-f4-s?_pos=37&_fid=5349abb16&_ss=c	Nikon Z6 II with Z 24-70mm f4 S	$3,099.00	In stock	14fps	13.4x10cm	100 - 51,200 (50 - 204,800)	Nikon Z		UHS-II SD/SDHC/SDXC, CFexpress Type B, XQD	24.5 million	900sec - 1/8,000sec	4K	615g
https://thecamerastore.com/products/sony-a6600-mirrorless-body?_pos=38&_fid=5349abb16&_ss=c	Sony a6600 Mirrorless Body	$1,699.00	On Order	11fps	12x6.6x6.9cm	100 - 102,400	Sony E	NP-FZ100 Li-ion battery	SD/SDHC/SDXC	24.2 Megapixels	30sec - 1/4,000sec	4K	503g
https://thecamerastore.com/products/sony-a7c-body?_pos=39&_fid=5349abb16&_ss=c	Sony a7C Mirrorless Body	$2,199.00	On Order	10fps	12.4x7.1x5.9cm	100 - 51,200 (50 - 204,800)	Sony E	NP-FZ100 rechargeable battery	SD/SDHC/SDXC	24.2 megapixels	30sec - 1/8,000sec	4K	509g
https://thecamerastore.com/products/sony-a6400-mirrorless-body?_pos=40&_fid=5349abb16&_ss=c	Sony a6400 Mirrorless Body	$1,249.00	On Order	30sec - 1/4000sec	12 x 6.6 x 5.9cm	100-32000	Sony E	Sony NP-FW50 Li-Ion Battery	SD/SDHC/SDXC	24.2 megapixels		4K	403g
https://thecamerastore.com/products/fujifilm-x-t30-ii-with-xf-18-55mm?_pos=41&_fid=5349abb16&_ss=c	FUJIFILM X-T30 II with XF 18-55mm	$1,624.00	Backordered	8fps	11.8x8.2x4.6cm	80 - 51,201	FUJIFILM X	NP-W126S Battery	SD/SDHC/SDXC	26.1 megapixels	4sec - 1/32,000sec	4K	378g
https://thecamerastore.com/products/nikon-coolpix-p950?_pos=42&_fid=5349abb16&_ss=c	Nikon Coolpix P950	$899.00	On Order	7fps	14.0x10.9x14.9cm	100 -6,400		EN-EL20a battery	SD/SDHC/SDXC	16 megapixels	5sec - 1/4,000sec	4K	1,005g
https://thecamerastore.com/products/canon-powershot-elph-360-hs-black?_pos=43&_fid=5349abb16&_ss=c	Canon PowerShot ELPH 360 HS - Black	$377.87	On Order		10.4x6.9x8.5cm	80 - 3,200		Rechargeable Li-ion battery		20.1 megapixels	15sec - 1/2,000sec	1080p	325g
https://thecamerastore.com/products/sony-cybershot-dsc-rx1r-ii?_pos=44&_fid=5349abb16&_ss=c	Sony Cybershot DSC-RX1R II	$4,299.00	Special Order	5.0FPS Continuous Shooting	113.3mm x 65.4mm x 72.0mm	ISO 100-25,600		NP-BX1 Battery Pack	SD/SDHC/SDXC	42.4 Megapixels	30sec. - 1/400sec.	1080p	507g
https://thecamerastore.com/products/canon-eos-r7-with-rf-s-18-150mm?_pos=45&_fid=5349abb16&_ss=c	Canon EOS R7 with RF-S 18-150mm	$2,199.00	In stock	30fps	13.2x9x9.1cm	100 - 51,200	Canon RF-S/RF	LP-E6NH rechargeable li-ion battery	Dual SD UHS-II	32.5 megapixels	30sec - 1/16,000sec	1080p	580g
https://thecamerastore.com/products/nikon-z5-with-24-70mm-f4-s?_pos=46&_fid=5349abb16&_ss=c	Nikon Z 5 with 24-70mm f4 S	$2,198.00	On Order	4.5fps	10.5x13.4cm	100 - 51,200 (102,400)	Nikon Z	EN-EL15/a/b/c	Dual SD/SDHC/SDXC	24.3 megapixels	30sec - 1/8,000sec	4K	590g
https://thecamerastore.com/products/sony-a6400-with-16-50mm-f3-5-5-6-oss-pz-mirrorless-kit?_pos=47&_fid=5349abb16&_ss=c	Sony a6400 with 16-50mm f3.5-5.6 OSS PZ Mirrorless Kit	$1,349.00	In stock	30sec - 1/4000sec	12 x 6.6 x 5.9cm	100-32000	Sony E	Sony NP-FW50 Li-Ion Battery	SD/SDHC/SDXC	24.2 megapixels		4K	403g
https://thecamerastore.com/products/leica-q3?_pos=48&_fid=5349abb16&_ss=c	Leica Q3	$8,099.00	On Order	15fps	13x8x9.2cm	100 - 100,000		BP-SCL6 li-ion battery		60.3 megapixels	120sec - 1/2,000sec	8K	743g
https://thecamerastore.com/products/sony-a7c-with-28-60mm-f4-5-6?_pos=49&_fid=5349abb16&_ss=c	Sony a7C with 28-60mm f4-5.6 Mirrorless Kit	$2,499.00	In stock	10fps	12.4x7.1x5.9cm	100 - 51,200 (50 - 204,800)	Sony E	NP-FZ100 rechargeable battery	SD/SDHC/SDXC	24.2 megapixels	30sec - 1/8,000sec	4K	509g
https://thecamerastore.com/products/sony-zv-e10-body?_pos=50&_fid=5349abb16&_ss=c	Sony ZV-E10 Body	$899.00	In stock	11fps	11.5x6.4x4.4cm	100 - 32,000	Sony E		SD/SDHC/SDXC, Memory Stick PRO Duo	24.2 megapixels	30sec - 1/4,000sec	4K	343g
https://thecamerastore.com/products/olympus-om-d-e-m1-mark-iii-body?_pos=51&_fid=5349abb16&_ss=c	Olympus OM-D E-M1 Mark III Body	$1,599.99	On Order	60fps	13.4x90.9x6.8cm	64 - 25,600	Micro 4/3	BLH-1 battery	SD/SDHC/SDXC	20.4 megapixels	60sec - 1/32,000sec	4K	580g
https://thecamerastore.com/products/sony-a6700-body?_pos=52&_fid=5349abb16&_ss=c	Sony a6700 Body	$1,899.00	In stock	11fps	12.2x6.9x6.3cm	100 - 32,000 (Extended: 50 - 102,400)		NP-FZ100 li-ion battery		26 megapixels	30sec - 1/8,000sec	4K	493g
https://thecamerastore.com/products/sony-a7r-iv-a-b-mirrorless-body?_pos=53&_fid=5349abb16&_ss=c	Sony a7R IV (A) Mirrorless Body	$4,199.00	On Order	10fps	12.8x9.6x7.7cm	100 - 32,000	Sony E	NP-FZ100 Li-Ion battery	SD/SDHC/SDXC (UHS-I/II(	61.0 megapixels	30sec - 1/8,000sec	4K	578g
https://thecamerastore.com/products/fujifilm-x-s10-body?_pos=54&_fid=5349abb16&_ss=c	FUJIFILM X-S10 Body	$1,224.00	In stock	20fps	12.6x8.5x6.5cm	160 - 12,800 (80 - 51,200)	FUJIFILM X	NP-W126S battery	SD/SDHC/SDXC	26.1 megapixels	900sec - 1/4,000sec	4K	465g
https://thecamerastore.com/products/canon-eos-m50-mark-ii-with-ef-m-15-45mm-f3-5-6-3-is-stm?_pos=55&_fid=5349abb16&_ss=c	Canon EOS M50 Mark II with EF-M 15-45mm f3.5-6.3 IS STM	$879.00	In stock	10fps	11.6x8.8x5.8cm	100 - 25,600	Canon EF-M	LP-E12 Battery	SD/SDHC/SDXC	24.1 megapixels	30sec - 1/8,000sec	4K	387g
https://thecamerastore.com/products/sony-a6400-with-18-135mm-f3-5-5-6-oss-mirrorless-kit?_pos=56&_fid=5349abb16&_ss=c	Sony a6400 with 18-135mm f3.5-5.6 OSS Mirrorless Kit	$1,749.00	On Order	30sec - 1/4000sec	12 x 6.6 x 5.9cm	100-32000	Sony E	Sony NP-FW50 Li-Ion Battery	SD/SDHC/SDXC	24.2 megapixels		4K	403g
https://thecamerastore.com/products/leica-q2-monochrom?_pos=57&_fid=5349abb16&_ss=c	Leica Q2 Monochrom	$8,389.00	On Order	10fps	13x8x9.1cm	100 - 100,000		BP-SCL4 battery	SD/SDXC/SDHC	46.7 megapixels	60sec - 1/2,000sec	4K	734g
https://thecamerastore.com/products/ricoh-gr-iiix?_pos=58&_fid=5349abb16&_ss=c	Ricoh GR IIIx	$1,359.99	On Order		10.39x6.1x3.3cm	100-102400		Rechargeable Battery DB-110	SD/SDHC/SDXC	24.2 megapixels	30sec - 1/4,000sec	1080p	257g
https://thecamerastore.com/products/canon-eos-r3-body?_pos=59&_fid=5349abb16&_ss=c	Canon EOS R3 Body	$7,499.00	In stock	12fps	15x14.2x8.7cm	50-204,800	Canon RF		CFexpress, SD (UHS-II compatible)	24.1 megapixels	30sec - 1/64,000sec	6K	1kg
https://thecamerastore.com/products/nikon-z-f-body?_pos=60&_fid=5349abb16&_ss=c	Nikon Zf Body	$2,699.00	On Order	-	14.4x10.3x4.9cm	(50) 100 - 64000 (204800)	Nikon Z	EN-EL15C, EN-EL15a/b/c,	SD, microSD	24.5 megapixels	30sec - 1/8,000sec	4K	630g
https://thecamerastore.com/products/fujifilm-x-h2-body?_pos=61&_fid=5349abb16&_ss=c	FUJIFILM X-H2 Body	$2,424.00	In stock	20fps	13.6x9.2x8.4cm	64 - 51,200	FUJIFILM X	NP-W235 Li-ion battery	Dual UHS-II SDXC	40.2 megapixels	15min - 1/8,000sec	8K	660g
https://thecamerastore.com/products/sony-a7-iv-with-28-70mm-f3-5-5-6-oss?_pos=62&_fid=5349abb16&_ss=c	Sony a7 IV with 28-70mm f3.5-5.6 OSS	$3,399.00	In stock	10fps	13.1x9.6x7.9cm	(50) 100 - 51,200 (204,800)	Sony E	NP-FZ100 Rechargeable Lithium-Ion Battery	Slot 1: CFexpress Type A / SD (UHS-II); Slot 2: SD/SDHC/SDXC (UHS-II)	33 megapixels	30sec - 1/8,000sec	4K	658g
https://thecamerastore.com/products/fujifilm-x-s10-with-18-55mm-f2-8-4-r?_pos=63&_fid=5349abb16&_ss=c	FUJIFILM X-S10 with 18-55mm f2.8-4 R	$1,724.00	In stock	20fps	12.6x8.5x6.5cm	160 - 12,800 (80 - 51,200)	FUJIFILM X	NP-W126S battery	SD/SDHC/SDXC	26.1 megapixels	900sec - 1/4,000sec	4K	465g
https://thecamerastore.com/products/canon-eos-r6-with-24-105mm-f4-7-1-stm?_pos=64&_fid=5349abb16&_ss=c	Canon EOS R6 with 24-105mm f4-7.1 STM *Open Box	$2,799.00	In stock	20fps	13.8x9.7x8.8cm		Canon RF	LP-E6/N/H li-ion batteries	100-102,400; 204,800	20.1 Megapixels	30sec - 1/8,000sec	4K	680g
https://thecamerastore.com/products/panasonic-lumix-s5-with-s-20-60mm-f3-5-5-6?_pos=65&_fid=5349abb16&_ss=c	Panasonic Lumix S5 with S 20-60mm f3.5-5.6	$2,299.00	On Order	7fps	13.2x9.7x8.1cm	100 - 51,200 (204,800)	L-Mount	DMW-BLK22 li-ion battery	Dual SD/SDHC/SDXC	24.2 megapixels	60sec - 1/8,000sec	4K	714g
https://thecamerastore.com/products/sony-a9-ii-mirrorless-body?_pos=66&_fid=5349abb16&_ss=c	Sony a9 II Mirrorless Body	$5,999.00	On Order	20fps	12.8x9.6x7.7cm	100 - 204,800	Sony E	NP-Fz100 lithium-ion battery	SD/SDHC/SDXC UHS-I/II	24.2 megapixels	30sec - 1/32,000sec	4K	678g
https://thecamerastore.com/products/sony-cybershot-dsc-rx100-v-a?_pos=67&_fid=5349abb16&_ss=c	Sony Cybershot DSC-RX100 V (A)	$1,249.00	On Order	24 FPS Continuous Shooting	101.6mm x 58.1mm x 41.0mm	ISO 125-12,800		NP-BX1 Li-ion Battery	SD/SDHC/SDXC	20.1 Megapixels	4sec. - 1/32000sec.	4K	299g
https://thecamerastore.com/products/fujifilm-x-t5-with-xf-16-80mm-f4?_pos=68&_fid=5349abb16&_ss=c	FUJIFILM X-T5 with XF 16-80mm f4	$2,969.00	In stock	20fps	12.9x9.1x6.3cm	64 - 51,200		NP-W235 Li-ion battery		40 MP	30sec - 1/8,000sec		557g
https://thecamerastore.com/products/sony-a6100-mirrorless-body?_pos=69&_fid=5349abb16&_ss=c	Sony a6100 Mirrorless Body	$999.00	On Order	11fps	12x6.6x5.9cm	100 - 51,200	Sony E	NP-FW50 Li-ion battery	SD/SDHC/SDXC	24.2 Megapixels	30sec - 1/4,000sec	4K	396g
https://thecamerastore.com/products/sony-a6600-with-18-135mm-f3-5-5-6-mirrorless-kit?_pos=70&_fid=5349abb16&_ss=c	Sony a6600 with 18-135mm f3.5-5.6 OSS Mirrorless Kit	$2,199.00	In stock	11fps	12x6.6x6.9cm	100 - 102,400	Sony E	NP-FZ100 Li-ion battery	SD/SDHC/SDXC	24.2 Megapixels	30sec - 1/4,000sec	4K	503g
https://thecamerastore.com/products/sony-zv-e1-mirrorless-body?_pos=71&_fid=5349abb16&_ss=c	Sony ZV-E1 Mirrorless Body	$2,999.00	In stock	SPEC	12.1x7.1x5.4cm	80 - 102,400		NP-FZ100 li-ion batter			30s - 1/8,000sec		483g
https://thecamerastore.com/products/fujifilm-x-h2s-body?_pos=72&_fid=5349abb16&_ss=c	FUJIFILM X-H2S Body	$3,049.00	In stock	40fps	13.6x9.2x8.4cm	160 - 12,800	FUJIFILM X	NP-W235 Li-ion rechargeable battery	SD UHS-II, CFexpress	26.1 megapixels	4K - 1/32,000sec	4K	660g
https://thecamerastore.com/products/panasonic-lumix-s5-body?_pos=73&_fid=5349abb16&_ss=c	Panasonic Lumix S5 Body *Open Box	$1,599.00	On Order	7fps	13.2x9.7x8.1cm	100 - 51,200 (204,800)	L-Mount	DMW-BLK22 li-ion battery	Dual SD/SDHC/SDXC	24.2 megapixels	60sec - 1/8,000sec	4K	714g
https://thecamerastore.com/products/canon-eos-r8-body?_pos=74&_fid=5349abb16&_ss=c	Canon EOS R8 Body	$1,999.00	In stock	40fps	12.3x8.6x7cm	50 - 204,800		LP-E17 battery			30sec - 1/16,000sec		414g
https://thecamerastore.com/products/canon-eos-r10-with-rf-s-18-45mm?_pos=75&_fid=5349abb16&_ss=c	Canon EOS R10 with RF-S 18-45mm	$1,149.00	In stock	15fps	13.2x9x9.1cm	100-51,200	Canon RF-S/RF	LP-E17 rechargeable li-ion battery	Dual SD UHS-II	24.2 megapixels	30sec - 1/16,000sec	1080p HD	580g
https://thecamerastore.com/products/canon-eos-r5-c?_pos=76&_fid=5349abb16&_ss=c	Canon EOS R5 C Body	$5,199.00	On Order	20fps	14.2x10.1x11.1cm	50 - 102,400	Canon RF	LP-E6NH/LP-E6N/LP-E6 rechargeable lithium-ion batteries	CFexpress Type B, SD/SDHC/SDXC UHS-II	45 megapixels	30sec - 1/8,000sec	8K	770g
https://thecamerastore.com/products/nikon-z7-ii-with-z-24-70mm-f4-s?_pos=77&_fid=5349abb16&_ss=c	Nikon Z7 II with Z 24-70mm f4 S	$4,099.00	In stock	10fps	13.4x10cm	64 - 25,600 (32 - 102,400)	Nikon Z	EN-EL15C	UHS-II SD/SDHC/SDXC, CFexpress Type B, XQD	45.7 megapixels	900sec - 1/8,000sec	4K	615g
https://thecamerastore.com/products/panasonic-lumix-s5-ii?_pos=78&_fid=5349abb16&_ss=c	Panasonic LUMIX S5II Body	$2,299.00	In stock	30fps	13.4x10.2x9cm	50 - 204,800		Rechargeable Li-ion Battery	Dual SD/SDHC/SDXC UHS-II	24.2 MP	30min - 1/16,000sec	6K	740g
https://thecamerastore.com/products/nikon-zfc-with-28mm-f2-8?_pos=79&_fid=5349abb16&_ss=c	Nikon Zfc with 28mm f2.8 SE *Open Box	$1,499.00	In stock		13.4x9.3x4.3cm	100 - 51,200	Nikon Z		SD/SDHC/SDXC	20.9 megapixels	30sec - 1/4,000sec	4K	445g
https://thecamerastore.com/products/sony-a6100-mirrorless-with-16-50mm-f3-5-5-6-oss-pz-mirrorless-kit?_pos=80&_fid=5349abb16&_ss=c	Sony a6100 with 16-50mm f3.5-5.6 OSS PZ Mirrorless Kit	$1,099.00	In stock	11fps	12x6.6x5.9cm	100 - 51,200	Sony E	NP-FW50 Li-ion battery	SD/SDHC/SDXC	24.2 Megapixels	30sec - 1/4,000sec	4K	396g
https://thecamerastore.com/products/panasonic-lumix-fz1000-ii?_pos=81&_fid=5349abb16&_ss=c	Panasonic Lumix DC-FZ1000 II	$1,199.00	In stock						SD/SDHC/SDXC	20.1 megapixel		4K	
https://thecamerastore.com/products/olympus-om-d-e-m1x-body?_pos=82&_fid=5349abb16&_ss=c	Olympus OM-D E-M1X Body	$3,399.00	Special Order	60fps	14.4 x 14.6 x 7.5cm		Micro 4/3	BLH-1 Li-Ion battery	SD/SDHC/SDXC	20.4 megapixel		4K	997g
https://thecamerastore.com/products/sony-a7c-ii-body?_pos=83&_fid=5349abb16&_ss=c	Sony a7C II Body	$2,999.00	In stock	10fps	12.4x7.1x6.3cm	50 - 102,400	Sony E	NP-FZ100 li-ion battery		33 MP	30s - 1/8000s	4K	429g
https://thecamerastore.com/products/nikon-zfc-with-16-50mm-f3-5-6-3?_pos=84&_fid=5349abb16&_ss=c	Nikon Zfc with 16-50mm f3.5-6.3	$1,399.00	In stock		7x3.2cm	100 - 51,200	Nikon Z		SD/SDHC/SDXC	20.9 megapixels	30sec - 1/4,000sec	4K	135g
https://thecamerastore.com/products/nikon-z5-with-z-24-50mm-f4-6-3?_pos=85&_fid=5349abb16&_ss=c	Nikon Z5 with Z 24-50mm f4-6.3	$1,799.00	In stock	4.5fps	10.5x13.4cm	100 - 51,200 (102,400)	Nikon Z	EN-EL15/a/b/c	Dual SD/SDHC/SDXC	24.3 megapixels	30sec - 1/8,000sec	4K	590g
https://thecamerastore.com/products/sony-cybershot-dsc-hx99?_pos=86&_fid=5349abb16&_ss=c	Sony Cybershot DSC-HX99	$599.00	On Order	10fps	10.2 x 5.8 x 3.5cm	80 - 12,000		NP-BX1 Li-Ion Battery	SD/SDHC/SDXC	18.2 megapixels	30sec - 1/2000sec	4K	242g
https://thecamerastore.com/products/panasonic-gh5s-body?_pos=87&_fid=5349abb16&_ss=c	Panasonic Lumix GH5S Body	$2,299.00	On Order	12fps	138.5 x 98.1 x 87.4 mm	160 - 51,200 (80 - 204,800)	Micro 4/3	Li-ion Battery Pack (7.2V, 1860mAh, 14Wh)	SD/SDHC/SDXC	10.28 megapixels	60sec - 1/8,000sec	4K	660g
https://thecamerastore.com/products/ricoh-wg-80?_pos=88&_fid=5349abb16&_ss=c	Ricoh WG-80	$379.00	In stock		12.2x6.1x2.9cm	125 - 6400		Rechargeable D-LI92 lithium-ion battery	SD/SDHC/SDXC	16 megapixels		1080p HD	194g
https://thecamerastore.com/products/panasonic-gh5-ii-body?_pos=89&_fid=5349abb16&_ss=c	Panasonic Lumix GH5 II Body	$1,499.00	On Order	Up to 60fps	13.8x9.8x8.7cm	200 - 25,600	Micro 4/3	DMW-BLK22 Rechargeable Lithium-Ion	Dual SD/SDHC/SDXC UHS-II	20.3 megapixels	60sec - 1/16,000sec	4K	727g
https://thecamerastore.com/products/leica-sl2-s-body?_pos=90&_fid=5349abb16&_ss=c	Leica SL2-S Body	$7,099.00	On Order	9fps	146 x 107 x 83 mm	50 - 100,000	L-Mount	BP-SCL4 Rechargeable Lithium-Ion	SD/SDHC/SDXC UHS-II	24.6 megapixels	500sec - 1/8,000sec	4K	931g
https://thecamerastore.com/products/ricoh-gr-iiix-urban-edition?_pos=91&_fid=5349abb16&_ss=c	Ricoh GR IIIx Urban Edition	$1,429.99	On Order		10.39x6.1x3.3cm	100-102400		Rechargeable Battery DB-110	SD/SDHC/SDXC	24.2 megapixels	30sec - 1/4,000sec	1080p	257g
https://thecamerastore.com/products/nikon-z30-with-dx-16-50mm-f3-5-6-3-vr?_pos=92&_fid=5349abb16&_ss=c	Nikon Z30 with DX 16-50mm f3.5-6.3 VR	$899.00	In stock	11fps	12.8x7.3x5.9cm	100 - 51,200	Nikon Z	EN-EL25 li-ion battery, optional EH-7P AC adapter	SD/SDHC/SDXC	20.9 megapixels	30sec - 1/4,000sec	4K	350g
https://thecamerastore.com/products/canon-eos-r10-body?_pos=93&_fid=5349abb16&_ss=c	Canon EOS R10 Body	$999.00	In stock	15fps	13.2x9x9.1cm	100-51,200	Canon RF-S/RF	LP-E17 rechargeable li-ion battery	Dual SD UHS-II	24.2 megapixels	30sec - 1/16,000sec	1080p HD	580g
https://thecamerastore.com/products/olympus-om-system-om-1-with-m-zuiko-12-40mm-f2-8-pro-ii?_pos=94&_fid=5349abb16&_ss=c	OM System OM-1 with M.Zuiko 12-40mm f2.8 Pro II	$3,199.99	In stock	120fps	13.4x9.1x7.2cm	80 - 102,400	Micro 4/3	BLX-1 Li-ion battery	Dual UHS-II SD/SDHC/SDXC	20.4 megapixels	60sec - 1/8,000sec	4K	511g
https://thecamerastore.com/products/fujifilm-x-t30-ii-body?_pos=95&_fid=5349abb16&_ss=c	FUJIFILM X-T30 II Body	$1,124.00	Backordered	8fps	11.8x8.2x4.6cm	80 - 51,201	FUJIFILM X	NP-W126S Battery	SD/SDHC/SDXC	26.1 megapixels	4sec - 1/32,000sec	4K	378g
https://thecamerastore.com/products/fujifilm-x-s20-body?_pos=96&_fid=5349abb16&_ss=c	FUJIFILM X-S20 Body	$1,749.00	In stock	30fps	12.7x8.5x6.5cm	80 - 51,200		NP-W235 li-ion battery		26.1 MP	30sec - 1/32,000sec	6.2K	491g
https://thecamerastore.com/products/canon-eos-r6-mark-ii-with-24-105mm-f4l-is-usm?_pos=97&_fid=5349abb16&_ss=c	Canon EOS R6 Mark II with 24-105mm f4L IS USM	$4,898.00	On Order		13.8x9.8x8.8cm								670g
https://thecamerastore.com/products/canon-eos-r6-mark-ii-with-rf-24-105mm-f4-7-1-is-stm?_pos=98&_fid=5349abb16&_ss=c	Canon EOS R6 Mark II with RF 24-105mm f4-7.1 IS STM	$3,449.00	In stock		13.8x9.8x8.8cm								670g
https://thecamerastore.com/products/leica-q2-reporter-edition?_pos=99&_fid=5349abb16&_ss=c	Leica Q2 Reporter Edition	$8,149.00	In stock	10fps	13 x 8 x 9.1cm	50 - 50,000		Leica BP-SCL4 Li-Ion Battery	SD/SDHC/SDXC	46.7 megapixels	60s - 1/2000sec	4K	718g
https://thecamerastore.com/products/canon-eos-r5-with-24-105mm-f4l-is?_pos=100&_fid=5349abb16&_ss=c	Canon EOS R5 with 24-105mm f4L IS	$6,398.00	On Order	20fps	13.8x9.7x8.8cm	100-51,200; 102.400	Canon RF	LP-E6NH Battery	CFexpress, SD/SDHC/SDXC	45 Megapixels	30sec - 1/8,000sec	8K	738g
https://thecamerastore.com/products/sony-a6700-with-18-135mm-kit?_pos=101&_fid=5349abb16&_ss=c	Sony a6700 with 18-135mm Kit	$2,399.00	In stock	11fps	12.2x6.9x6.3cm	100 - 32,000 (Extended: 50 - 102,400)		NP-FZ100 li-ion battery		26 megapixels	30sec - 1/8,000sec	4K	493g
